Date,Red1,Red2,Red3,Red4,Red5,Red6,Blue
2021-08-17(二),05,11,15,23,28,33,03
2021-08-15(日),02,07,08,10,12,31,03
2021-08-12(四),04,06,16,24,26,33,16
2021-08-10(二),05,06,12,14,27,28,08
2021-08-08(日),01,02,07,13,23,24,12
2021-08-05(四),04,12,15,16,19,26,06
2021-08-03(二),02,13,16,19,23,24,04
2021-08-01(日),06,08,10,14,28,29,01
2021-07-29(四),05,06,07,11,14,20,02
2021-07-27(二),05,07,09,11,21,28,01
2021-07-25(日),04,09,11,25,28,33,04
2021-07-22(四),03,06,11,13,26,32,05
2021-07-20(二),01,03,05,18,22,23,01
2021-07-18(日),05,08,22,23,24,29,09
2021-07-15(四),01,03,10,24,28,29,13
2021-07-13(二),04,06,15,26,27,31,12
2021-07-11(日),08,15,17,25,27,30,10
2021-07-08(四),03,09,21,23,30,32,06
2021-07-06(二),12,15,16,21,22,29,01
2021-07-04(日),04,05,09,14,25,27,07
2021-07-01(四),01,06,18,22,24,25,08
2021-06-29(二),01,09,15,16,19,21,15
2021-06-27(日),01,07,24,31,32,33,08
2021-06-24(四),01,05,11,15,16,29,15
2021-06-22(二),06,11,18,20,23,26,05
2021-06-20(日),04,14,18,24,31,32,15
2021-06-17(四),01,11,19,23,25,29,09
2021-06-15(二),02,06,19,26,30,33,15
2021-06-13(日),01,04,08,19,29,33,16
2021-06-10(四),04,06,08,15,16,18,16
2021-06-08(二),04,05,06,09,23,24,09
2021-06-06(日),12,13,15,20,22,25,10
2021-06-03(四),04,09,12,18,20,23,01
2021-06-01(二),10,11,17,20,29,30,15
2021-05-30(日),01,09,11,18,32,33,14
2021-05-27(四),09,11,13,18,19,28,14
2021-05-25(二),05,06,09,17,25,33,16
2021-05-23(日),08,21,22,23,29,32,01
2021-05-20(四),03,11,12,16,22,28,10
2021-05-18(二),07,13,21,22,24,31,02
2021-05-16(日),07,10,14,16,24,33,16
2021-05-13(四),03,04,06,19,21,30,14
2021-05-11(二),08,09,10,19,27,29,15
2021-05-09(日),02,09,10,16,25,28,08
2021-05-06(四),04,11,13,22,25,32,01
2021-05-04(二),04,15,17,22,29,32,03
2021-05-02(日),03,07,13,16,24,29,01
2021-04-29(四),05,09,13,21,28,33,06
2021-04-27(二),01,04,14,15,17,32,02
2021-04-25(日),05,07,14,17,26,28,13
2021-04-22(四),02,03,17,18,23,24,01
2021-04-20(二),05,09,10,22,25,27,08
2021-04-18(日),02,09,18,23,26,32,14
2021-04-15(四),02,06,07,24,28,29,16
2021-04-13(二),02,08,21,24,29,31,13
2021-04-11(日),05,07,09,16,18,27,06
2021-04-08(四),13,17,19,24,26,30,12
2021-04-06(二),01,02,06,11,21,26,11
2021-04-04(日),12,14,18,20,26,28,11
2021-04-01(四),04,10,12,18,23,25,01
2021-03-30(二),02,12,13,14,31,33,06
2021-03-28(日),01,05,08,15,16,30,03
2021-03-25(四),06,11,21,25,28,31,07
2021-03-23(二),08,09,13,27,29,31,05
2021-03-21(日),08,10,15,17,22,30,12
2021-03-18(四),11,16,23,26,27,33,05
2021-03-16(二),05,07,09,16,20,26,08
2021-03-14(日),03,05,13,19,20,25,03
2021-03-11(四),06,08,14,17,18,30,11
2021-03-09(二),01,04,06,10,11,18,02
2021-03-07(日),02,21,22,23,27,28,11
2021-03-04(四),10,15,17,25,31,32,06
2021-03-02(二),04,08,17,24,28,33,13
2021-02-28(日),01,03,06,07,09,11,02
2021-02-25(四),12,16,17,24,28,29,08
2021-02-23(二),02,08,14,23,25,32,06
2021-02-21(日),09,15,18,29,32,33,02
2021-02-07(日),03,08,09,13,15,18,10
2021-02-04(四),06,14,16,26,28,29,07
2021-02-02(二),04,15,21,25,29,33,06
2021-01-31(日),06,09,12,16,27,31,06
2021-01-28(四),03,06,14,18,20,26,01
2021-01-26(二),05,10,16,23,27,33,14
2021-01-24(日),01,04,11,19,32,33,05
2021-01-21(四),02,04,07,24,25,32,13
2021-01-19(二),01,05,07,14,18,33,07
2021-01-17(日),02,04,12,21,25,32,16
2021-01-14(四),06,08,22,24,25,26,01
2021-01-12(二),07,09,14,26,30,31,04
2021-01-10(日),02,03,07,08,17,22,15
2021-01-07(四),06,09,16,18,22,29,11
2021-01-05(二),06,10,13,25,26,32,11
2021-01-03(日),02,03,13,18,20,31,11
2020-12-31(四),02,09,10,20,22,26,01
2020-12-29(二),03,19,22,23,27,29,07
2020-12-27(日),01,04,11,12,14,23,04
2020-12-24(四),08,19,22,26,27,30,07
2020-12-22(二),08,09,11,14,17,29,16
2020-12-20(日),01,02,05,15,28,33,04
2020-12-17(四),08,10,15,16,23,26,10
2020-12-15(二),01,04,18,19,26,31,07
2020-12-13(日),03,07,12,14,23,28,11
2020-12-10(四),05,12,16,26,30,31,13
2020-12-08(二),16,18,19,20,29,33,12
2020-12-06(日),01,03,18,19,26,29,03
2020-12-03(四),12,15,17,24,26,31,15
2020-12-01(二),02,04,06,21,25,29,03
2020-11-29(日),01,02,03,04,09,10,12
2020-11-26(四),01,09,22,28,32,33,15
2020-11-24(二),11,13,19,26,30,33,05
2020-11-22(日),07,08,09,10,16,27,07
2020-11-19(四),05,06,14,16,19,27,10
2020-11-17(二),01,04,12,20,25,32,02
2020-11-15(日),01,05,11,24,30,32,03
2020-11-12(四),01,03,07,10,22,32,11
2020-11-10(二),02,09,12,17,28,32,05
2020-11-08(日),06,09,17,22,24,26,16
2020-11-05(四),02,06,09,14,22,25,04
2020-11-03(二),06,13,16,20,23,32,13
2020-11-01(日),10,12,15,17,23,32,05
2020-10-29(四),03,09,11,24,25,28,16
2020-10-27(二),02,04,11,15,18,28,10
2020-10-25(日),06,14,19,20,22,24,01
2020-10-22(四),04,08,10,16,27,29,09
2020-10-20(二),04,09,10,22,28,32,08
2020-10-18(日),09,10,19,25,26,29,08
2020-10-15(四),10,17,24,25,28,30,15
2020-10-13(二),01,07,15,16,20,23,07
2020-10-11(日),05,06,11,12,15,30,12
2020-10-08(四),06,08,11,22,25,33,02
2020-10-06(二),02,08,21,25,26,30,10
2020-09-29(二),01,20,23,26,27,32,15
2020-09-27(日),03,09,16,17,20,26,02
2020-09-24(四),10,15,17,27,29,31,08
2020-09-22(二),04,05,10,13,15,19,15
2020-09-20(日),01,06,12,18,22,24,03
2020-09-17(四),01,09,11,12,16,19,16
2020-09-15(二),02,21,23,26,31,32,06
2020-09-13(日),02,14,16,21,29,30,10
2020-09-10(四),01,06,12,26,29,30,12
2020-09-08(二),11,15,20,23,25,33,10
2020-09-06(日),02,04,06,15,24,27,06
2020-09-03(四),01,02,05,09,19,24,16
2020-09-01(二),03,07,16,17,23,30,07
2020-08-30(日),01,19,25,26,30,31,12
2020-08-27(四),02,08,11,17,21,30,09
2020-08-25(二),01,05,13,14,27,33,15
2020-08-23(日),14,15,18,22,31,33,01
2020-08-20(四),05,12,20,21,22,29,14
2020-08-18(二),03,11,14,16,21,32,04
2020-08-16(日),03,10,16,21,25,27,12
2020-08-13(四),10,15,16,18,20,27,06
2020-08-11(二),03,11,13,20,24,30,16
2020-08-09(日),04,08,09,13,19,33,12
2020-08-06(四),05,07,11,13,27,29,03
2020-08-04(二),06,08,10,15,17,26,04
2020-08-02(日),09,11,12,13,22,23,08
2020-07-30(四),01,02,04,06,19,21,15
2020-07-28(二),03,09,10,13,18,26,04
2020-07-26(日),12,16,21,26,27,32,10
2020-07-23(四),04,07,09,23,27,30,08
2020-07-21(二),02,09,13,17,26,28,07
2020-07-19(日),09,15,18,21,23,26,08
2020-07-16(四),01,03,07,21,27,32,01
2020-07-14(二),12,15,16,22,29,32,14
2020-07-12(日),10,14,17,22,26,27,05
2020-07-09(四),08,17,24,26,27,31,04
2020-07-07(二),05,09,14,20,24,30,08
2020-07-05(日),02,04,10,17,22,25,14
2020-07-02(四),01,03,11,12,19,26,07
2020-06-30(二),09,14,21,23,26,32,03
2020-06-28(日),02,05,08,12,26,31,14
2020-06-25(四),01,05,07,23,28,30,12
2020-06-23(二),03,10,19,25,26,31,02
2020-06-21(日),02,14,15,16,32,33,01
2020-06-18(四),02,08,13,29,32,33,15
2020-06-16(二),03,06,08,11,19,28,08
2020-06-14(日),04,09,17,20,32,33,15
2020-06-11(四),01,07,09,12,18,22,04
2020-06-09(二),12,14,18,23,30,32,02
2020-06-07(日),04,10,17,19,28,32,01
2020-06-04(四),13,19,25,26,27,32,08
2020-06-02(二),02,03,15,21,22,33,16
2020-05-31(日),07,08,16,17,19,24,07
2020-05-28(四),01,11,24,25,27,30,07
2020-05-26(二),02,06,07,11,14,31,03
2020-05-24(日),06,07,16,22,24,25,13
2020-05-21(四),01,06,12,16,19,21,04
2020-05-19(二),02,09,10,11,16,29,02
2020-05-17(日),01,06,07,18,23,24,15
2020-05-14(四),01,04,11,13,17,24,15
2020-05-12(二),07,09,16,22,24,32,06
2020-05-10(日),10,14,24,25,28,33,11
2020-05-07(四),02,08,15,16,26,32,03
2020-05-05(二),07,10,12,21,31,32,01
2020-05-03(日),03,11,13,14,15,26,13
2020-04-30(四),02,05,09,15,16,27,09
2020-04-28(二),17,18,21,29,30,32,03
2020-04-26(日),01,12,18,20,30,32,05
2020-04-23(四),05,06,15,18,26,32,08
2020-04-21(二),12,13,14,24,25,28,06
2020-04-19(日),01,04,09,18,19,31,06
2020-04-16(四),01,09,10,15,20,29,02
2020-04-14(二),10,13,27,28,29,31,08
2020-04-12(日),04,05,20,21,30,33,08
2020-04-09(四),02,10,20,22,25,30,02
2020-04-07(二),02,06,14,16,27,31,07
2020-04-05(日),01,06,09,13,15,22,14
2020-04-02(四),15,19,27,28,30,33,03
2020-03-31(二),05,07,08,11,17,22,13
2020-03-29(日),02,04,07,15,20,27,04
2020-03-26(四),05,06,08,17,24,27,07
2020-03-24(二),08,09,22,24,30,33,01
2020-03-22(日),02,07,08,10,12,16,07
2020-03-19(四),02,08,10,20,21,30,14
2020-03-17(二),04,13,14,23,26,31,09
2020-03-15(日),04,05,07,17,18,29,01
2020-03-12(四),11,14,22,27,31,32,09
2020-01-21(二),03,06,08,14,19,26,12
2020-01-19(日),01,04,06,10,11,28,16
2020-01-16(四),05,12,17,20,25,31,10
2020-01-14(二),03,04,05,10,16,32,09
2020-01-12(日),11,16,17,22,26,32,04
2020-01-09(四),02,15,17,27,32,33,03
2020-01-07(二),09,17,26,29,30,32,03
2020-01-05(日),04,09,14,15,16,29,11
2020-01-02(四),02,15,23,26,29,30,02
2019-12-31(二),02,06,09,18,24,26,14
2019-12-29(日),02,09,14,22,27,29,02
2019-12-26(四),01,06,27,28,31,33,07
2019-12-24(二),09,10,13,20,26,27,08
2019-12-22(日),01,09,12,14,23,27,12
2019-12-19(四),01,04,10,12,30,32,14
2019-12-17(二),01,08,13,17,18,19,16
2019-12-15(日),02,12,15,19,27,30,03
2019-12-12(四),05,13,15,16,26,32,09
2019-12-10(二),08,14,24,27,29,33,09
2019-12-08(日),10,13,14,15,17,33,14
2019-12-05(四),02,04,09,11,14,22,05
2019-12-03(二),08,14,20,23,30,33,11
2019-12-01(日),02,06,12,30,31,32,11
2019-11-28(四),07,10,13,19,23,31,06
2019-11-26(二),12,14,15,17,29,33,12
2019-11-24(日),03,06,10,11,27,33,03
2019-11-21(四),01,04,06,22,29,30,03
2019-11-19(二),03,07,16,21,24,31,07
2019-11-17(日),04,06,11,14,19,33,07
2019-11-14(四),09,17,19,20,24,31,04
2019-11-12(二),01,07,09,11,24,32,16
2019-11-10(日),03,04,07,09,15,26,07
2019-11-07(四),03,08,12,16,17,19,08
2019-11-05(二),02,06,07,12,17,24,10
2019-11-03(日),02,14,17,29,32,33,16
2019-10-31(四),02,11,12,26,27,29,03
2019-10-29(二),04,09,30,31,32,33,01
2019-10-27(日),02,06,08,17,28,30,06
2019-10-24(四),04,10,15,19,21,23,02
2019-10-22(二),02,06,15,21,30,31,02
2019-10-20(日),10,12,27,31,32,33,03
2019-10-17(四),04,20,22,24,26,33,07
2019-10-15(二),12,14,15,25,28,31,04
2019-10-13(日),03,05,11,28,32,33,01
2019-10-10(四),01,08,09,13,16,33,01
2019-10-08(二),04,10,11,14,15,29,05
2019-09-29(日),02,04,09,11,12,30,01
2019-09-26(四),01,05,19,21,25,33,15
2019-09-24(二),03,12,14,17,23,27,01
2019-09-22(日),07,18,20,22,24,33,01
2019-09-19(四),01,18,22,26,27,28,08
2019-09-17(二),03,06,07,17,28,31,10
2019-09-15(日),07,13,19,22,25,32,13
2019-09-12(四),02,06,08,23,27,32,02
2019-09-10(二),02,14,22,27,30,33,14
2019-09-08(日),02,13,15,17,26,33,01
2019-09-05(四),01,05,16,17,18,24,10
2019-09-03(二),04,12,14,21,27,29,12
2019-09-01(日),03,08,12,16,20,32,12
2019-08-29(四),01,04,09,21,31,33,05
2019-08-27(二),01,04,12,13,30,32,08
2019-08-25(日),07,14,22,23,27,30,08
2019-08-22(四),03,11,12,14,17,26,09
2019-08-20(二),03,05,18,24,25,31,09
2019-08-18(日),05,07,12,18,27,32,11
2019-08-15(四),02,05,14,19,21,28,01
2019-08-13(二),05,10,12,18,19,27,06
2019-08-11(日),05,07,08,09,20,22,02
2019-08-08(四),09,17,27,28,32,33,08
2019-08-06(二),07,10,21,24,29,32,11
2019-08-04(日),02,03,06,08,14,22,04
2019-08-01(四),02,04,14,16,20,22,11
2019-07-30(二),13,14,15,21,23,29,13
2019-07-28(日),04,05,07,09,21,30,04
2019-07-25(四),16,22,24,26,28,31,06
2019-07-23(二),01,04,14,18,24,29,04
2019-07-21(日),04,08,14,18,20,27,03
2019-07-18(四),06,15,17,26,28,31,03
2019-07-16(二),07,16,19,22,24,28,02
2019-07-14(日),05,24,27,29,31,32,10
2019-07-11(四),03,06,08,20,24,32,07
2019-07-09(二),01,03,06,09,19,31,16
2019-07-07(日),01,17,27,29,31,33,12
2019-07-04(四),09,11,13,18,21,22,15
2019-07-02(二),12,15,19,20,29,32,14
2019-06-30(日),05,08,20,22,31,33,03
2019-06-27(四),12,21,27,29,31,33,04
2019-06-25(二),01,02,06,12,16,18,08
2019-06-23(日),02,09,13,15,22,30,15
2019-06-20(四),01,08,19,24,29,30,04
2019-06-18(二),06,15,18,19,24,32,09
2019-06-16(日),06,11,16,19,21,25,01
2019-06-13(四),03,14,20,24,26,33,10
2019-06-11(二),04,06,08,11,30,33,11
2019-06-09(日),01,14,17,20,22,32,04
2019-06-06(四),06,09,11,15,20,26,10
2019-06-04(二),12,20,24,25,30,33,12
2019-06-02(日),01,14,19,22,29,31,16
2019-05-30(四),07,13,16,23,26,30,01
2019-05-28(二),03,17,19,24,27,31,12
2019-05-26(日),03,04,14,20,23,27,01
2019-05-23(四),04,05,07,09,16,18,06
2019-05-21(二),07,08,12,21,23,27,12
2019-05-19(日),04,05,06,08,13,18,16
2019-05-16(四),13,14,17,19,21,29,01
2019-05-14(二),01,06,11,15,19,31,10
2019-05-12(日),07,10,11,15,24,26,11
2019-05-09(四),04,16,22,25,29,31,08
2019-05-07(二),03,06,09,13,16,19,16
2019-05-05(日),08,09,10,13,15,28,09
2019-05-02(四),04,06,10,11,21,23,02
2019-04-30(二),03,10,13,22,23,28,15
2019-04-28(日),03,07,10,12,18,29,10
2019-04-25(四),03,11,18,25,30,33,14
2019-04-23(二),02,12,16,22,25,32,06
2019-04-21(日),01,06,17,19,27,31,14
2019-04-18(四),06,14,16,17,23,29,07
2019-04-16(二),01,06,12,13,24,32,13
2019-04-14(日),15,17,19,22,25,26,04
2019-04-11(四),02,09,13,23,24,26,16
2019-04-09(二),05,06,09,18,23,31,11
2019-04-07(日),06,07,11,14,27,32,08
2019-04-04(四),09,12,21,27,29,30,05
2019-04-02(二),01,07,12,14,18,25,10
2019-03-31(日),02,10,13,16,23,32,08
2019-03-28(四),01,05,07,09,10,20,16
2019-03-26(二),09,11,15,22,24,26,03
2019-03-24(日),09,15,19,21,23,29,15
2019-03-21(四),04,08,09,13,28,33,04
2019-03-19(二),03,13,15,18,21,33,16
2019-03-17(日),04,05,07,10,12,22,16
2019-03-14(四),08,11,17,23,32,33,10
2019-03-12(二),04,19,22,26,29,30,11
2019-03-10(日),02,06,08,10,11,17,13
2019-03-07(四),03,13,15,19,20,27,14
2019-03-05(二),15,16,21,27,30,33,04
2019-03-03(日),01,08,23,25,28,29,10
2019-02-28(四),01,10,14,15,18,31,13
2019-02-26(二),03,07,11,21,30,33,07
2019-02-24(日),02,05,07,08,20,27,04
2019-02-21(四),02,12,13,23,27,28,12
2019-02-19(二),03,11,17,18,24,25,06
2019-02-17(日),04,11,18,19,26,32,04
2019-02-14(四),04,05,24,28,30,33,09
2019-02-12(二),05,07,09,11,19,25,05
2019-02-03(日),11,15,16,20,24,31,04
2019-01-31(四),01,02,03,14,19,33,03
2019-01-29(二),05,07,14,16,18,21,01
2019-01-27(日),07,10,21,23,31,33,14
2019-01-24(四),10,13,19,21,24,30,07
2019-01-22(二),02,04,05,08,11,30,02
2019-01-20(日),01,07,10,22,31,32,15
2019-01-17(四),02,06,09,13,28,32,12
2019-01-15(二),06,10,14,15,19,23,15
2019-01-13(日),01,05,10,19,26,28,12
2019-01-10(四),21,22,26,28,31,32,07
2019-01-08(二),08,12,16,19,26,32,03
2019-01-06(日),13,17,20,21,22,27,01
2019-01-03(四),04,05,06,08,09,18,11
2019-01-01(二),06,10,13,15,32,33,15
2018-12-30(日),01,07,17,23,25,31,11
2018-12-27(四),04,14,16,23,28,29,03
2018-12-25(二),05,15,19,25,26,29,15
2018-12-23(日),06,08,15,19,20,31,05
2018-12-20(四),01,07,08,10,12,24,01
2018-12-18(二),03,06,18,19,21,31,01
2018-12-16(日),03,15,17,23,27,30,11
2018-12-13(四),02,10,11,17,18,29,16
2018-12-11(二),03,09,13,22,23,25,06
2018-12-09(日),08,13,17,18,20,27,13
2018-12-06(四),04,06,15,28,32,33,14
2018-12-04(二),05,08,10,11,27,28,11
2018-12-02(日),11,14,16,18,24,33,04
2018-11-29(四),01,15,20,22,25,28,14
2018-11-27(二),11,18,20,23,31,32,15
2018-11-25(日),01,10,25,27,30,32,09
2018-11-22(四),03,05,11,15,20,23,09
2018-11-20(二),10,12,15,25,26,27,14
2018-11-18(日),01,03,06,10,11,29,16
2018-11-15(四),03,16,18,31,32,33,12
2018-11-13(二),02,04,11,12,18,32,13
2018-11-11(日),01,02,09,10,15,22,06
2018-11-08(四),21,22,24,31,32,33,01
2018-11-06(二),05,12,17,18,24,28,12
2018-11-04(日),02,04,06,16,18,19,16
2018-11-01(四),06,07,08,19,22,23,02
2018-10-30(二),02,05,06,07,11,15,12
2018-10-28(日),01,06,08,09,14,22,05
2018-10-25(四),03,10,11,14,15,32,02
2018-10-23(二),09,13,14,19,22,25,02
2018-10-21(日),13,21,24,27,31,32,01
2018-10-18(四),05,07,20,22,30,32,10
2018-10-16(二),06,08,14,19,23,25,11
2018-10-14(日),03,04,18,26,27,33,01
2018-10-11(四),03,13,14,16,25,27,12
2018-10-09(二),08,12,21,22,27,31,09
2018-10-07(日),08,11,15,17,23,25,05
2018-10-04(四),05,14,17,22,23,28,15
2018-10-02(二),01,13,19,24,26,29,11
2018-09-30(日),01,07,15,16,20,27,14
2018-09-27(四),01,06,09,16,25,26,09
2018-09-25(二),05,08,18,25,26,31,04
2018-09-23(日),01,07,14,24,25,28,08
2018-09-20(四),11,13,16,21,22,23,02
2018-09-18(二),10,11,18,23,31,33,15
2018-09-16(日),05,13,18,21,26,30,02
2018-09-13(四),01,02,05,12,20,22,01
2018-09-11(二),04,18,19,24,25,26,10
2018-09-09(日),04,05,13,18,19,25,01
2018-09-06(四),02,03,06,19,25,29,01
2018-09-04(二),02,09,15,22,23,24,16
2018-09-02(日),02,06,11,19,21,28,05
2018-08-30(四),01,03,14,26,29,33,09
2018-08-28(二),02,11,14,15,29,33,02
2018-08-26(日),03,07,08,14,25,32,06
2018-08-23(四),06,10,11,20,29,32,13
2018-08-21(二),01,02,17,20,25,28,13
2018-08-19(日),01,05,09,20,28,32,12
2018-08-16(四),10,11,12,21,26,33,09
2018-08-14(二),04,07,16,20,24,30,05
2018-08-12(日),04,18,20,21,29,33,07
2018-08-09(四),06,10,16,19,24,33,16
2018-08-07(二),06,11,13,17,25,32,07
2018-08-05(日),01,02,04,10,14,23,07
2018-08-02(四),06,09,12,14,18,27,14
2018-07-31(二),03,05,12,29,30,32,14
2018-07-29(日),01,05,10,16,18,31,03
2018-07-26(四),02,07,17,21,23,26,16
2018-07-24(二),04,10,25,26,30,33,06
2018-07-22(日),05,06,08,12,22,24,03
2018-07-19(四),04,09,18,21,32,33,03
2018-07-17(二),06,12,14,20,22,24,09
2018-07-15(日),01,02,12,16,20,26,03
2018-07-12(四),04,07,13,20,29,33,03
2018-07-10(二),14,15,17,22,24,29,13
2018-07-08(日),03,10,14,17,18,30,12
2018-07-05(四),02,05,09,15,20,24,10
2018-07-03(二),03,07,08,15,29,30,13
2018-07-01(日),07,09,12,13,22,24,11
2018-06-28(四),09,11,14,20,27,30,09
2018-06-26(二),02,09,14,15,16,23,10
2018-06-24(日),11,16,19,22,25,30,08
2018-06-21(四),02,05,06,13,16,19,03
2018-06-19(二),04,09,15,16,19,27,10
2018-06-17(日),06,13,17,19,23,31,12
2018-06-14(四),08,10,17,20,27,30,01
2018-06-12(二),01,04,09,12,15,18,05
2018-06-10(日),09,16,17,19,22,26,10
2018-06-07(四),01,04,06,14,28,33,01
2018-06-05(二),02,05,10,11,17,21,05
2018-06-03(日),05,06,10,16,20,25,12
2018-05-31(四),02,18,19,24,25,33,11
2018-05-29(二),09,10,11,12,18,23,07
2018-05-27(日),04,08,13,25,30,31,10
2018-05-24(四),04,06,08,13,22,32,11
2018-05-22(二),07,12,13,16,26,31,07
2018-05-20(日),05,15,17,19,20,30,13
2018-05-17(四),01,03,06,20,21,26,01
2018-05-15(二),07,09,10,12,22,26,07
2018-05-13(日),04,06,18,22,25,33,16
2018-05-10(四),01,04,10,11,14,27,06
2018-05-08(二),03,05,06,09,15,32,14
2018-05-06(日),05,07,20,23,27,31,04
2018-05-03(四),01,02,04,10,18,19,07
2018-05-01(二),01,03,04,11,19,23,02
2018-04-29(日),01,12,20,25,30,31,02
2018-04-26(四),06,07,12,16,22,25,07
2018-04-24(二),10,13,14,18,20,31,03
2018-04-22(日),03,04,06,25,26,30,01
2018-04-19(四),05,09,12,17,27,30,06
2018-04-17(二),01,04,06,08,21,24,07
2018-04-15(日),06,10,21,28,29,31,12
2018-04-12(四),07,08,20,23,24,32,13
2018-04-10(二),01,03,08,13,18,23,16
2018-04-08(日),08,12,18,19,23,32,03
2018-04-05(四),15,23,24,25,28,29,09
2018-04-03(二),01,06,07,08,27,30,10
2018-04-01(日),08,17,24,26,28,33,04
2018-03-29(四),07,10,11,17,23,28,15
2018-03-27(二),01,05,11,22,23,26,15
2018-03-25(日),04,19,20,22,28,33,06
2018-03-22(四),21,22,23,24,25,32,06
2018-03-20(二),02,16,18,19,27,30,14
2018-03-18(日),13,14,20,21,25,33,07
2018-03-15(四),01,02,09,14,22,25,05
2018-03-13(二),03,08,11,14,18,23,16
2018-03-11(日),02,07,09,14,18,28,05
2018-03-08(四),04,07,12,14,26,32,04
2018-03-06(二),04,13,16,19,21,25,14
2018-03-04(日),11,19,22,26,31,32,02
2018-03-01(四),12,15,16,21,26,29,16
2018-02-27(二),07,14,19,21,22,23,03
2018-02-25(日),03,04,06,11,23,28,14
2018-02-22(四),06,09,10,14,28,30,05
2018-02-13(二),03,11,12,16,21,23,09
2018-02-11(日),02,12,13,18,25,27,07
2018-02-08(四),03,06,11,26,30,32,12
2018-02-06(二),01,11,12,18,25,27,16
2018-02-04(日),11,15,20,21,26,33,15
2018-02-01(四),09,12,20,24,28,31,07
2018-01-30(二),06,08,13,15,22,33,06
2018-01-28(日),11,12,13,19,26,28,12
2018-01-25(四),03,10,21,23,27,33,11
2018-01-23(二),01,08,17,20,21,22,03
2018-01-21(日),05,10,17,23,26,32,07
2018-01-18(四),05,09,10,12,17,19,13
2018-01-16(二),13,14,20,25,27,31,12
2018-01-14(日),02,07,08,09,17,29,11
2018-01-11(四),02,20,21,28,31,33,06
2018-01-09(二),14,18,19,26,30,31,11
2018-01-07(日),01,14,16,17,20,31,04
2018-01-04(四),07,18,24,29,31,33,16
2018-01-02(二),01,08,11,26,28,31,04
2017-12-31(日),05,09,13,15,18,26,05
2017-12-28(四),07,11,12,13,18,19,16
2017-12-26(二),06,10,23,25,26,29,05
2017-12-24(日),02,05,07,09,11,27,16
2017-12-21(四),06,14,19,20,21,23,08
2017-12-19(二),05,08,15,20,27,30,13
2017-12-17(日),04,07,11,14,29,32,12
2017-12-14(四),03,07,20,21,25,31,14
2017-12-12(二),01,19,25,26,27,33,10
2017-12-10(日),02,06,12,17,25,28,12
2017-12-07(四),03,14,16,20,31,32,09
2017-12-05(二),04,06,09,14,20,29,14
2017-12-03(日),08,13,14,18,23,33,06
2017-11-30(四),01,06,07,11,13,15,05
2017-11-28(二),21,22,25,28,29,30,08
2017-11-26(日),02,14,20,24,28,32,16
2017-11-23(四),01,17,24,28,32,33,02
2017-11-21(二),05,10,20,23,26,31,03
2017-11-19(日),03,07,10,18,21,24,12
2017-11-16(四),01,06,07,14,18,26,16
2017-11-14(二),04,05,11,14,28,32,04
2017-11-12(日),06,15,17,18,23,30,11
2017-11-09(四),02,03,05,09,13,28,11
2017-11-07(二),01,07,10,11,26,27,11
2017-11-05(日),05,13,14,23,25,31,02
2017-11-02(四),05,06,09,14,21,33,02
2017-10-31(二),02,06,13,22,29,31,08
2017-10-29(日),14,15,21,24,27,32,12
2017-10-26(四),01,16,17,21,27,30,16
2017-10-24(二),01,14,23,25,29,30,03
2017-10-22(日),02,06,11,26,28,29,03
2017-10-19(四),04,05,06,11,21,31,10
2017-10-17(二),11,20,21,22,24,27,15
2017-10-15(日),11,18,19,22,24,32,07
2017-10-12(四),08,10,15,19,23,28,16
2017-10-10(二),09,16,21,25,26,31,14
2017-10-08(日),08,09,15,22,30,33,16
2017-10-05(四),01,02,08,11,14,21,09
2017-10-03(二),02,14,20,22,30,32,02
2017-10-01(日),04,10,11,25,30,31,01
2017-09-28(四),06,12,13,15,18,26,13
2017-09-26(二),04,06,16,27,29,33,05
2017-09-24(日),03,10,14,16,22,23,11
2017-09-21(四),05,10,17,19,29,32,12
2017-09-19(二),01,03,12,15,19,23,14
2017-09-17(日),08,14,16,18,21,23,16
2017-09-14(四),07,12,14,15,17,20,01
2017-09-12(二),08,09,15,17,30,32,06
2017-09-10(日),12,15,20,25,27,31,02
2017-09-07(四),03,06,07,12,25,26,07
2017-09-05(二),01,14,15,20,23,30,14
2017-09-03(日),01,21,23,25,31,33,01
2017-08-31(四),04,08,10,14,18,20,11
2017-08-29(二),01,04,11,28,31,32,16
2017-08-27(日),04,07,08,18,23,24,02
2017-08-24(四),02,05,06,16,28,29,04
2017-08-22(二),04,19,22,27,30,33,01
2017-08-20(日),05,10,18,19,30,31,03
2017-08-17(四),02,06,11,12,19,29,06
2017-08-15(二),09,10,12,19,22,29,16
2017-08-13(日),08,11,13,19,28,31,06
2017-08-10(四),07,08,09,15,22,27,12
2017-08-08(二),10,18,19,29,32,33,09
2017-08-06(日),05,07,10,23,28,29,03
2017-08-03(四),01,07,10,16,22,33,09
2017-08-01(二),11,12,13,16,23,25,12
2017-07-30(日),07,09,18,22,23,29,06
2017-07-27(四),03,06,13,14,19,28,06
2017-07-25(二),03,05,06,13,20,22,07
2017-07-23(日),01,05,06,16,25,30,09
2017-07-20(四),01,05,11,20,22,24,02
2017-07-18(二),03,08,14,20,24,26,12
2017-07-16(日),14,18,21,25,28,29,10
2017-07-13(四),03,05,14,25,26,30,05
2017-07-11(二),01,12,16,20,22,24,08
2017-07-09(日),03,07,14,23,25,27,08
2017-07-06(四),05,07,18,19,22,24,16
2017-07-04(二),01,02,04,15,17,22,14
2017-07-02(日),01,04,08,09,14,15,13
2017-06-29(四),01,03,06,19,21,29,07
2017-06-27(二),02,06,16,23,30,31,02
2017-06-25(日),03,06,16,23,26,30,14
2017-06-22(四),06,11,14,23,26,30,02
2017-06-20(二),02,03,06,14,31,32,03
2017-06-18(日),01,06,14,22,25,26,12
2017-06-15(四),02,11,12,23,29,31,05
2017-06-13(二),02,06,10,22,30,31,15
2017-06-11(日),01,03,04,10,18,29,04
2017-06-08(四),01,04,06,17,19,26,03
2017-06-06(二),02,05,08,10,12,21,07
2017-06-04(日),02,10,16,22,24,28,15
2017-06-01(四),12,16,20,22,25,31,04
2017-05-30(二),01,07,22,24,26,31,10
2017-05-28(日),06,07,12,20,26,27,11
2017-05-25(四),05,10,13,24,26,31,04
2017-05-23(二),04,08,09,15,19,25,09
2017-05-21(日),01,09,13,22,28,32,11
2017-05-18(四),18,20,22,23,30,31,16
2017-05-16(二),13,14,18,19,21,28,06
2017-05-14(日),07,12,13,20,24,31,05
2017-05-11(四),02,03,09,23,28,33,08
2017-05-09(二),04,09,11,15,29,31,06
2017-05-07(日),07,08,18,24,29,31,07
2017-05-04(四),02,05,09,15,24,25,11
2017-05-02(二),10,12,20,24,27,29,07
2017-04-30(日),01,08,14,15,20,29,10
2017-04-27(四),05,08,09,14,15,19,07
2017-04-25(二),02,05,08,10,32,33,02
2017-04-23(日),04,13,14,23,26,32,10
2017-04-20(四),05,07,16,20,21,25,05
2017-04-18(二),08,16,19,21,31,32,06
2017-04-16(日),08,13,16,23,27,31,08
2017-04-13(四),01,02,04,07,10,23,04
2017-04-11(二),04,10,13,15,22,27,04
2017-04-09(日),15,19,23,28,29,33,04
2017-04-06(四),02,04,12,14,17,24,15
2017-04-04(二),01,04,08,13,24,27,05
2017-04-02(日),11,15,20,22,25,30,05
2017-03-30(四),01,02,05,10,24,27,15
2017-03-28(二),01,06,14,24,28,32,12
2017-03-26(日),04,07,08,19,32,33,13
2017-03-23(四),05,07,15,20,23,30,15
2017-03-21(二),05,08,15,24,27,31,11
2017-03-19(日),06,10,16,26,27,29,03
2017-03-16(四),01,07,09,20,23,30,02
2017-03-14(二),02,15,21,23,25,30,10
2017-03-12(日),07,08,12,13,22,30,09
2017-03-09(四),02,04,11,14,27,30,05
2017-03-07(二),03,10,12,19,27,30,08
2017-03-05(日),02,15,16,17,22,32,07
2017-03-02(四),09,21,25,26,29,31,13
2017-02-28(二),01,03,04,11,18,22,14
2017-02-26(日),02,06,15,16,18,32,15
2017-02-23(四),02,05,10,22,32,33,09
2017-02-21(二),04,08,10,12,31,33,10
2017-02-19(日),04,06,08,12,23,25,08
2017-02-16(四),01,02,03,17,25,31,09
2017-02-14(二),03,07,08,10,22,23,12
2017-02-12(日),05,08,16,22,27,29,02
2017-02-09(四),01,08,09,14,17,32,01
2017-02-07(二),06,08,18,20,23,31,13
2017-02-05(日),08,11,28,29,31,33,06
2017-01-26(四),10,11,14,15,16,24,07
2017-01-24(二),10,11,12,23,26,29,16
2017-01-22(日),05,08,19,25,28,30,07
2017-01-19(四),02,06,08,09,15,29,14
2017-01-17(二),07,13,15,27,28,29,13
2017-01-15(日),02,04,05,24,26,33,15
2017-01-12(四),02,04,08,26,29,33,08
2017-01-10(二),06,11,12,22,23,30,05
2017-01-08(日),05,13,17,26,27,30,07
2017-01-05(四),01,04,08,15,27,32,16
2017-01-03(二),15,19,23,24,25,32,03
2017-01-01(日),09,11,14,20,25,26,15
2016-12-29(四),07,09,16,24,25,29,06
2016-12-27(二),02,08,09,16,20,22,07
2016-12-25(日),06,11,16,20,22,33,07
2016-12-22(四),02,04,05,09,13,21,05
2016-12-20(二),03,20,23,26,32,33,07
2016-12-18(日),01,02,11,20,26,30,14
2016-12-15(四),04,14,18,28,31,32,12
2016-12-13(二),03,07,15,16,17,23,10
2016-12-11(日),01,03,07,12,19,20,06
2016-12-08(四),04,10,12,27,32,33,05
2016-12-06(二),06,09,23,24,25,33,13
2016-12-04(日),01,10,17,21,23,30,12
2016-12-01(四),04,13,15,17,21,24,15
2016-11-29(二),01,02,05,17,26,32,10
2016-11-27(日),01,06,19,26,28,30,03
2016-11-24(四),07,16,20,24,25,30,07
2016-11-22(二),01,06,09,10,15,32,14
2016-11-20(日),02,07,10,20,27,29,03
2016-11-17(四),02,08,10,18,20,33,12
2016-11-15(二),11,12,13,14,18,33,13
2016-11-13(日),15,16,21,22,27,33,15
2016-11-10(四),05,08,13,19,27,28,07
2016-11-08(二),04,10,18,19,25,27,02
2016-11-06(日),03,17,21,23,27,28,01
2016-11-03(四),05,06,08,21,31,33,14
2016-11-01(二),04,09,11,17,26,27,13
2016-10-30(日),07,12,17,26,29,31,16
2016-10-27(四),02,06,12,17,18,19,10
2016-10-25(二),01,06,08,20,27,30,03
2016-10-23(日),09,15,21,24,27,32,10
2016-10-20(四),07,09,12,14,20,27,16
2016-10-18(二),15,22,23,24,28,29,08
2016-10-16(日),02,03,10,23,25,28,09
2016-10-13(四),02,05,06,21,25,28,09
2016-10-11(二),09,19,21,30,31,32,04
2016-10-09(日),09,14,22,23,31,33,14
2016-10-06(四),03,10,14,17,28,33,02
2016-10-04(二),07,18,20,23,27,31,13
2016-10-02(日),06,08,20,22,26,27,09
2016-09-29(四),05,16,20,22,27,29,09
2016-09-27(二),01,11,16,17,20,26,14
2016-09-25(日),06,12,14,15,18,25,12
2016-09-22(四),02,04,07,14,15,32,04
2016-09-20(二),05,07,28,31,32,33,08
2016-09-18(日),09,11,15,16,27,33,05
2016-09-15(四),02,03,07,08,19,26,16
2016-09-13(二),06,11,18,26,27,32,01
2016-09-11(日),04,05,13,22,25,30,04
2016-09-08(四),08,10,19,27,28,31,16
2016-09-06(二),05,09,11,18,30,31,04
2016-09-04(日),01,05,13,19,24,27,11
2016-09-01(四),05,08,10,14,17,30,13
2016-08-30(二),01,03,19,24,32,33,01
2016-08-28(日),03,10,22,23,27,29,04
2016-08-25(四),01,11,21,23,27,33,06
2016-08-23(二),02,08,25,29,31,32,06
2016-08-21(日),06,13,25,26,28,31,01
2016-08-18(四),06,13,14,21,22,24,16
2016-08-16(二),01,05,09,12,18,32,12
2016-08-14(日),06,07,10,12,18,31,10
2016-08-11(四),06,09,15,17,25,27,09
2016-08-09(二),02,13,15,23,24,29,06
2016-08-07(日),04,08,14,22,23,28,07
2016-08-04(四),02,13,17,20,21,26,07
2016-08-02(二),01,03,14,30,31,32,08
2016-07-31(日),03,14,16,18,25,33,15
2016-07-28(四),02,03,10,11,14,21,12
2016-07-26(二),09,10,11,12,15,32,05
2016-07-24(日),01,12,19,20,21,25,16
2016-07-21(四),02,04,12,18,24,26,05
2016-07-19(二),09,16,17,24,30,31,04
2016-07-17(日),06,12,14,15,17,20,09
2016-07-14(四),02,06,15,25,30,32,07
2016-07-12(二),01,16,17,24,25,32,14
2016-07-10(日),01,03,10,12,24,28,02
2016-07-07(四),02,04,08,23,26,29,02
2016-07-05(二),01,09,17,19,20,29,10
2016-07-03(日),07,08,13,22,30,32,01
2016-06-30(四),01,03,06,16,29,32,07
2016-06-28(二),06,10,11,12,20,25,12
2016-06-26(日),09,11,12,15,16,20,13
2016-06-23(四),05,16,19,22,24,25,02
2016-06-21(二),19,21,26,28,29,32,01
2016-06-19(日),03,06,11,18,23,29,01
2016-06-16(四),08,10,11,20,21,27,11
2016-06-14(二),08,19,23,28,31,32,01
2016-06-12(日),09,13,18,20,27,31,04
2016-06-09(四),03,07,13,18,19,20,05
2016-06-07(二),13,16,22,25,26,27,14
2016-06-05(日),03,12,14,17,19,26,03
2016-06-02(四),16,17,18,23,28,32,07
2016-05-31(二),12,13,15,18,19,21,09
2016-05-29(日),05,06,08,18,20,32,08
2016-05-26(四),04,05,22,26,29,32,08
2016-05-24(二),04,11,12,20,25,28,15
2016-05-22(日),03,05,18,20,24,32,11
2016-05-19(四),07,12,19,22,23,26,11
2016-05-17(二),03,04,08,11,16,18,14
2016-05-15(日),05,06,10,16,22,26,11
2016-05-12(四),06,11,16,19,28,32,04
2016-05-10(二),02,08,10,12,29,31,01
2016-05-08(日),01,06,13,19,24,28,16
2016-05-05(四),01,02,04,09,15,33,12
2016-05-03(二),09,12,24,28,29,30,02
2016-05-01(日),06,08,13,14,22,27,10
2016-04-28(四),03,08,13,14,15,30,04
2016-04-26(二),02,05,08,15,17,22,16
2016-04-24(日),07,20,25,26,27,30,14
2016-04-21(四),04,09,12,17,30,32,03
2016-04-19(二),01,03,10,12,18,30,01
2016-04-17(日),05,14,20,26,30,33,12
2016-04-14(四),07,14,17,23,26,31,09
2016-04-12(二),12,17,18,21,22,24,04
2016-04-10(日),03,13,19,20,23,26,03
2016-04-07(四),01,03,07,18,19,27,16
2016-04-05(二),03,12,13,22,28,29,03
2016-04-03(日),06,15,26,31,32,33,16
2016-03-31(四),03,04,07,09,20,22,03
2016-03-29(二),04,13,19,20,26,29,11
2016-03-27(日),03,15,21,22,23,28,15
2016-03-24(四),06,17,18,20,27,29,15
2016-03-22(二),08,12,14,15,21,27,15
2016-03-20(日),03,08,10,19,26,33,03
2016-03-17(四),10,14,19,22,25,29,12
2016-03-15(二),12,15,18,20,21,27,15
2016-03-13(日),06,08,12,21,25,29,01
2016-03-10(四),11,13,15,17,19,31,05
2016-03-08(二),04,09,12,28,30,33,01
2016-03-06(日),04,11,12,17,24,30,12
2016-03-03(四),02,05,07,14,18,31,13
2016-03-01(二),03,06,10,19,25,29,07
2016-02-28(日),04,09,19,22,23,30,07
2016-02-25(四),09,11,13,22,24,26,05
2016-02-23(二),01,02,10,12,22,24,10
2016-02-21(日),06,13,16,17,23,30,10
2016-02-18(四),12,13,14,17,21,25,04
2016-02-16(二),05,06,08,20,22,30,05
2016-02-14(日),01,20,22,24,25,26,16
2016-02-04(四),01,02,14,22,25,26,07
2016-02-02(二),02,08,10,18,20,27,07
2016-01-31(日),07,12,21,22,26,31,01
2016-01-28(四),07,12,14,16,27,32,15
2016-01-26(二),03,08,10,15,22,29,12
2016-01-24(日),02,04,12,14,19,25,06
2016-01-21(四),10,14,24,25,27,32,04
2016-01-19(二),02,15,24,29,32,33,02
2016-01-17(日),05,12,14,20,27,29,06
2016-01-14(四),13,16,18,20,28,31,12
2016-01-12(二),11,14,18,20,31,33,14
2016-01-10(日),08,10,17,22,25,33,12
2016-01-07(四),01,10,14,23,26,28,01
2016-01-05(二),09,14,17,20,24,30,16
2016-01-03(日),06,13,16,18,20,22,13
2015-12-31(四),07,09,11,15,18,25,07
2015-12-29(二),08,11,15,22,27,29,03
2015-12-27(日),11,18,19,21,29,32,12
2015-12-24(四),05,06,08,23,31,32,11
2015-12-22(二),01,03,08,11,29,31,13
2015-12-20(日),09,10,20,21,22,33,09
2015-12-17(四),09,13,14,22,26,27,07
2015-12-15(二),08,09,16,23,24,30,05
2015-12-13(日),16,17,21,28,30,32,15
2015-12-10(四),07,08,15,19,20,24,13
2015-12-08(二),01,04,07,15,28,32,16
2015-12-06(日),13,15,19,20,21,32,04
2015-12-03(四),13,17,19,20,22,25,11
2015-12-01(二),03,08,19,25,27,28,02
2015-11-29(日),06,20,28,29,30,31,12
2015-11-26(四),01,10,13,18,25,27,09
2015-11-24(二),01,02,08,16,19,24,11
2015-11-22(日),14,22,23,27,28,31,12
2015-11-19(四),02,05,12,23,28,29,01
2015-11-17(二),01,12,14,18,26,32,07
2015-11-15(日),02,05,14,19,27,31,04
2015-11-12(四),02,03,13,20,22,24,15
2015-11-10(二),03,05,11,28,30,33,01
2015-11-08(日),10,12,13,19,22,26,03
2015-11-05(四),06,14,15,16,17,22,10
2015-11-03(二),05,08,11,16,18,27,04
2015-11-01(日),01,03,08,11,22,28,06
2015-10-29(四),07,10,19,22,27,33,06
2015-10-27(二),10,11,15,20,23,29,12
2015-10-25(日),05,13,22,27,30,33,10
2015-10-22(四),02,03,05,12,18,27,01
2015-10-20(二),05,08,09,12,22,28,07
2015-10-18(日),05,07,11,16,22,25,07
2015-10-15(四),01,03,20,21,28,29,12
2015-10-13(二),16,21,24,26,27,29,16
2015-10-11(日),02,08,10,18,23,31,08
2015-10-08(四),01,04,11,21,23,31,12
2015-10-06(二),04,11,12,18,26,32,12
2015-10-04(日),04,06,15,23,26,28,11
2015-10-01(四),01,07,08,14,24,32,03
2015-09-29(二),04,07,09,13,21,26,01
2015-09-27(日),01,05,07,08,19,27,12
2015-09-24(四),01,03,10,19,20,27,11
2015-09-22(二),08,14,16,18,20,30,12
2015-09-20(日),05,07,16,17,22,23,04
2015-09-17(四),01,08,09,16,32,33,13
2015-09-15(二),02,12,19,22,24,27,15
2015-09-13(日),07,14,16,18,21,25,08
2015-09-10(四),01,03,04,23,31,32,13
2015-09-08(二),09,10,16,19,20,26,12
2015-09-06(日),09,18,21,23,25,26,01
2015-09-03(四),06,08,13,26,30,32,14
2015-09-01(二),07,09,12,14,21,23,06
2015-08-30(日),08,16,22,24,28,29,05
2015-08-27(四),02,03,11,17,19,21,08
2015-08-25(二),06,07,10,11,14,22,09
2015-08-23(日),06,09,13,26,27,33,01
2015-08-20(四),09,12,14,20,26,27,04
2015-08-18(二),06,16,17,23,24,31,07
2015-08-16(日),04,15,21,28,30,31,04
2015-08-13(四),01,04,06,13,16,17,10
2015-08-11(二),01,03,13,21,25,31,08
2015-08-09(日),09,15,19,21,26,27,01
2015-08-06(四),05,07,17,19,22,31,11
2015-08-04(二),10,12,14,22,25,33,15
2015-08-02(日),12,14,19,27,28,29,01
2015-07-30(四),02,12,20,24,29,31,09
2015-07-28(二),09,15,16,19,20,28,11
2015-07-26(日),05,06,08,16,18,22,12
2015-07-23(四),02,08,25,27,28,29,05
2015-07-21(二),15,18,20,22,28,29,15
2015-07-19(日),06,07,16,18,29,32,05
2015-07-16(四),02,08,09,14,28,30,07
2015-07-14(二),13,20,22,26,28,31,13
2015-07-12(日),14,17,25,27,28,30,02
2015-07-09(四),09,14,15,20,26,32,11
2015-07-07(二),03,07,20,22,26,29,02
2015-07-05(日),01,06,08,10,13,27,16
2015-07-02(四),01,09,10,19,23,27,09
2015-06-30(二),06,11,13,19,21,32,04
2015-06-28(日),04,07,21,25,26,29,08
2015-06-25(四),01,02,17,22,26,27,04
2015-06-23(二),01,03,05,20,21,31,05
2015-06-21(日),08,18,20,28,29,31,08
2015-06-18(四),01,07,13,19,21,29,15
2015-06-16(二),01,13,17,18,23,30,15
2015-06-14(日),06,15,18,21,26,27,10
2015-06-11(四),02,05,08,24,25,31,14
2015-06-09(二),05,08,11,17,24,28,16
2015-06-07(日),08,10,14,19,26,29,12
2015-06-04(四),11,12,14,17,23,27,01
2015-06-02(二),01,07,09,16,22,32,12
2015-05-31(日),09,14,15,18,21,26,16
2015-05-28(四),06,18,22,26,32,33,04
2015-05-26(二),01,03,18,27,31,32,13
2015-05-24(日),02,06,09,16,25,32,14
2015-05-21(四),02,09,10,18,19,20,15
2015-05-19(二),09,20,24,25,26,32,04
2015-05-17(日),01,07,08,16,18,20,14
2015-05-14(四),01,10,15,18,19,28,02
2015-05-12(二),01,02,07,10,22,26,07
2015-05-10(日),03,07,17,22,32,33,10
2015-05-07(四),02,04,11,16,25,26,12
2015-05-05(二),04,10,24,26,28,32,09
2015-05-03(日),03,09,12,16,17,31,04
2015-04-30(四),07,12,14,17,20,23,05
2015-04-28(二),13,16,17,22,25,27,10
2015-04-26(日),02,03,20,24,26,27,09
2015-04-23(四),05,07,10,14,23,31,01
2015-04-21(二),01,05,13,22,30,31,07
2015-04-19(日),02,03,04,13,14,16,02
2015-04-16(四),11,12,15,24,26,27,15
2015-04-14(二),09,10,19,21,23,32,08
2015-04-12(日),04,09,11,17,21,25,06
2015-04-09(四),13,16,18,27,30,32,16
2015-04-07(二),01,13,15,26,29,30,12
2015-04-05(日),05,06,11,12,14,33,14
2015-04-02(四),05,07,12,18,28,31,03
2015-03-31(二),04,06,16,17,26,33,03
2015-03-29(日),01,08,09,22,24,33,03
2015-03-26(四),12,13,17,18,20,27,13
2015-03-24(二),03,06,21,29,31,32,05
2015-03-22(日),11,14,16,18,29,32,16
2015-03-19(四),01,05,07,22,26,32,11
2015-03-17(二),08,11,14,15,16,26,07
2015-03-15(日),07,14,15,19,21,28,07
2015-03-12(四),04,07,10,26,27,28,14
2015-03-10(二),05,07,09,16,26,29,07
2015-03-08(日),02,13,17,21,22,33,13
2015-03-05(四),10,11,12,15,27,32,14
2015-03-03(二),09,11,16,18,23,24,10
2015-03-01(日),08,09,10,13,29,30,01
2015-02-26(四),04,07,10,16,23,25,10
2015-02-17(二),14,15,16,17,27,28,08
2015-02-15(日),01,04,07,19,22,23,04
2015-02-12(四),02,06,11,19,25,26,04
2015-02-10(二),06,09,12,14,28,29,09
2015-02-08(日),13,18,20,25,27,33,12
2015-02-05(四),02,06,10,15,17,31,13
2015-02-03(二),01,07,20,24,25,33,04
2015-02-01(日),02,12,16,19,27,30,11
2015-01-29(四),08,09,24,25,26,29,01
2015-01-27(二),03,05,22,23,29,31,06
2015-01-26(一),04,14,15,17,18,20,15
2015-01-22(四),01,02,03,08,21,31,09
2015-01-20(二),04,07,14,17,21,25,14
2015-01-18(日),04,07,10,16,20,22,03
2015-01-15(四),01,07,09,17,20,33,08
2015-01-13(二),01,10,11,29,31,33,13
2015-01-11(日),07,10,16,17,18,32,15
2015-01-08(四),02,14,15,16,23,24,10
2015-01-06(二),10,15,20,23,24,31,15
2015-01-04(日),07,15,16,25,28,32,05
2015-01-01(四),01,07,09,16,20,23,06
2014-12-30(二),08,13,15,20,21,25,12
2014-12-28(日),04,05,08,11,21,27,08
2014-12-25(四),03,08,14,22,24,32,09
2014-12-23(二),07,09,10,15,19,33,01
2014-12-21(日),01,02,05,12,15,16,13
2014-12-18(四),06,07,22,26,31,32,10
2014-12-16(二),01,06,13,20,29,32,01
2014-12-14(日),10,12,13,23,26,29,11
2014-12-11(四),03,05,06,09,10,27,14
2014-12-09(二),03,12,18,20,25,26,16
2014-12-07(日),06,21,22,23,25,28,13
2014-12-04(四),08,09,11,16,21,24,10
2014-12-02(二),06,10,11,14,17,33,06
2014-11-30(日),01,14,15,20,25,29,11
2014-11-27(四),04,06,13,29,31,33,13
2014-11-25(二),03,06,09,11,25,29,09
2014-11-23(日),03,16,19,27,31,32,10
2014-11-20(四),02,04,11,13,25,33,01
2014-11-18(二),05,16,22,23,26,28,02
2014-11-16(日),13,14,16,23,30,31,13
2014-11-13(四),05,06,14,15,18,33,08
2014-11-11(二),05,17,21,22,28,32,14
2014-11-09(日),01,02,10,24,30,33,10
2014-11-06(四),05,08,09,20,28,32,02
2014-11-04(二),05,07,08,17,18,24,14
2014-11-02(日),02,10,12,21,23,27,12
2014-10-30(四),06,11,16,17,22,27,01
2014-10-28(二),10,11,15,26,31,32,06
2014-10-26(日),02,17,20,24,31,33,04
2014-10-23(四),01,06,11,17,28,33,05
2014-10-21(二),06,09,11,16,20,29,11
2014-10-19(日),01,02,13,22,28,30,09
2014-10-16(四),01,07,12,16,23,28,04
2014-10-14(二),06,13,17,20,26,29,09
2014-10-12(日),05,07,15,18,26,30,03
2014-10-09(四),05,10,17,25,28,29,04
2014-10-07(二),09,10,14,15,19,29,16
2014-10-05(日),01,09,10,11,13,32,03
2014-10-02(四),02,07,23,30,32,33,10
2014-09-30(二),12,14,28,31,32,33,07
2014-09-28(日),01,15,16,21,24,30,03
2014-09-25(四),02,08,17,20,22,28,02
2014-09-23(二),01,08,11,13,19,30,06
2014-09-21(日),02,05,11,15,19,28,02
2014-09-18(四),03,08,09,20,23,28,02
2014-09-16(二),11,14,17,22,25,27,16
2014-09-14(日),09,14,17,18,21,25,15
2014-09-11(四),14,16,17,19,27,32,04
2014-09-09(二),02,06,12,19,27,28,13
2014-09-07(日),03,08,09,10,18,33,04
2014-09-04(四),14,16,21,24,28,31,13
2014-09-02(二),16,18,20,23,24,32,07
2014-08-31(日),01,06,09,10,14,16,11
2014-08-28(四),01,05,10,11,13,32,14
2014-08-26(二),02,13,17,20,29,31,07
2014-08-24(日),07,13,24,25,27,32,15
2014-08-21(四),12,14,17,19,22,24,08
2014-08-19(二),05,06,08,14,22,31,08
2014-08-17(日),01,10,18,20,23,29,01
2014-08-14(四),02,08,09,10,20,29,05
2014-08-12(二),03,13,18,19,22,26,07
2014-08-10(日),01,05,12,19,27,29,14
2014-08-07(四),05,09,11,19,24,32,13
2014-08-05(二),04,06,14,17,27,30,09
2014-08-03(日),03,06,11,14,16,29,15
2014-07-31(四),06,18,22,23,32,33,06
2014-07-29(二),02,04,10,12,14,30,08
2014-07-27(日),01,02,11,19,23,29,08
2014-07-24(四),01,06,09,10,13,25,08
2014-07-22(二),05,06,19,21,23,33,12
2014-07-20(日),02,04,20,25,26,29,11
2014-07-17(四),08,14,22,24,27,29,10
2014-07-15(二),05,14,16,17,25,30,07
2014-07-13(日),02,07,16,22,27,28,02
2014-07-10(四),02,03,05,06,09,17,07
2014-07-08(二),08,09,12,15,19,22,10
2014-07-06(日),06,10,12,17,18,33,11
2014-07-03(四),03,09,11,22,27,29,06
2014-07-01(二),01,03,06,13,30,31,12
2014-06-29(日),01,12,16,20,30,33,02
2014-06-26(四),01,03,07,13,19,32,16
2014-06-24(二),02,04,12,17,22,25,14
2014-06-22(日),01,07,09,19,28,29,07
2014-06-19(四),05,12,17,19,25,30,11
2014-06-17(二),04,12,13,22,27,29,16
2014-06-15(日),01,06,07,17,18,23,06
2014-06-12(四),02,05,15,17,18,21,16
2014-06-10(二),03,04,05,08,10,22,06
2014-06-08(日),02,09,15,16,29,32,14
2014-06-05(四),03,08,17,21,22,31,16
2014-06-03(二),06,09,15,24,25,26,09
2014-06-01(日),02,14,17,27,28,31,08
2014-05-29(四),03,05,14,18,25,33,06
2014-05-27(二),05,08,12,13,23,25,13
2014-05-25(日),02,03,12,13,14,25,11
2014-05-22(四),02,04,12,18,23,31,08
2014-05-20(二),01,11,18,20,28,29,01
2014-05-18(日),02,09,14,19,21,30,04
2014-05-15(四),01,04,05,11,29,30,14
2014-05-13(二),14,17,19,22,26,31,02
2014-05-11(日),09,13,15,28,30,33,08
2014-05-08(四),10,16,19,21,23,24,13
2014-05-06(二),03,17,23,25,26,32,13
2014-05-04(日),06,07,16,17,23,32,06
2014-05-01(四),06,09,16,17,24,25,16
2014-04-29(二),08,10,11,12,19,29,15
2014-04-27(日),02,10,11,17,18,22,10
2014-04-24(四),02,04,09,11,19,22,15
2014-04-22(二),04,09,21,27,28,33,12
2014-04-20(日),02,05,09,14,24,33,09
2014-04-17(四),12,15,20,25,28,33,14
2014-04-15(二),07,11,16,18,21,22,02
2014-04-13(日),03,04,06,11,12,15,08
2014-04-10(四),03,11,15,19,20,31,07
2014-04-08(二),04,07,22,23,24,33,16
2014-04-06(日),06,13,14,24,25,30,07
2014-04-03(四),01,07,08,09,11,22,03
2014-04-01(二),07,08,09,17,32,33,06
2014-03-30(日),01,03,04,08,25,31,06
2014-03-27(四),05,13,23,28,32,33,12
2014-03-25(二),01,02,14,22,29,33,07
2014-03-23(日),04,10,16,17,21,27,14
2014-03-20(四),12,18,19,23,24,30,10
2014-03-18(二),02,07,14,16,21,29,14
2014-03-16(日),06,16,21,27,30,32,05
2014-03-13(四),08,10,14,16,30,31,01
2014-03-11(二),01,02,05,06,11,23,14
2014-03-09(日),01,05,10,14,16,30,16
2014-03-06(四),08,10,16,20,23,30,09
2014-03-04(二),07,09,13,17,21,22,10
2014-03-02(日),04,06,07,10,21,26,16
2014-02-27(四),08,10,15,17,22,29,12
2014-02-25(二),09,14,17,23,24,25,15
2014-02-23(日),02,10,15,19,20,21,07
2014-02-20(四),13,17,18,21,30,33,15
2014-02-18(二),04,06,07,14,25,26,10
2014-02-16(日),02,03,07,13,21,24,08
2014-02-13(四),02,11,19,30,32,33,09
2014-02-11(二),04,09,19,22,25,29,15
2014-02-09(日),05,09,13,15,17,21,13
2014-01-28(二),01,08,11,19,21,24,08
2014-01-26(日),09,10,13,14,21,32,02
2014-01-23(四),05,07,08,20,31,33,11
2014-01-21(二),08,09,19,20,25,32,16
2014-01-19(日),05,14,16,21,29,30,12
2014-01-16(四),08,10,12,14,18,28,14
2014-01-14(二),03,04,07,17,21,27,14
2014-01-12(日),15,18,23,27,32,33,04
2014-01-09(四),01,04,19,22,24,25,15
2014-01-07(二),06,10,11,28,30,33,12
2014-01-05(日),04,21,23,31,32,33,04
2014-01-02(四),03,09,15,20,27,29,01
2013-12-31(二),07,11,14,19,24,29,05
2013-12-29(日),08,11,13,18,28,33,10
2013-12-26(四),04,06,14,16,18,29,05
2013-12-24(二),03,09,10,19,28,33,09
2013-12-22(日),01,15,16,25,26,29,10
2013-12-19(四),09,18,25,26,30,32,11
2013-12-17(二),06,11,12,14,17,22,01
2013-12-15(日),02,15,16,17,19,30,08
2013-12-12(四),08,20,25,30,32,33,01
2013-12-10(二),06,10,13,16,23,24,15
2013-12-08(日),05,07,12,19,27,31,02
2013-12-05(四),12,18,21,22,27,32,11
2013-12-03(二),11,12,14,20,22,29,14
2013-12-01(日),03,04,05,25,30,31,04
2013-11-28(四),01,05,12,13,21,22,10
2013-11-26(二),07,08,11,13,21,27,08
2013-11-24(日),04,15,16,24,27,28,03
2013-11-21(四),04,17,19,23,24,27,10
2013-11-19(二),04,06,14,16,18,26,06
2013-11-17(日),09,23,24,25,29,31,12
2013-11-14(四),01,17,18,19,25,29,10
2013-11-12(二),04,07,12,19,22,25,01
2013-11-10(日),20,21,22,23,25,27,12
2013-11-07(四),04,06,12,17,19,26,09
2013-11-05(二),01,03,15,16,31,33,08
2013-11-03(日),05,06,10,14,27,31,14
2013-10-31(四),07,13,17,19,25,31,08
2013-10-29(二),02,03,13,20,22,33,14
2013-10-27(日),04,10,19,27,31,33,16
2013-10-24(四),04,06,08,18,25,28,16
2013-10-22(二),03,09,15,23,25,30,07
2013-10-20(日),01,02,06,11,17,25,02
2013-10-17(四),07,10,13,15,26,27,11
2013-10-15(二),04,05,06,07,25,27,07
2013-10-13(日),05,06,13,18,23,31,11
2013-10-10(四),05,15,20,22,26,32,09
2013-10-08(二),02,03,17,22,32,33,16
2013-10-06(日),09,12,13,24,27,33,16
2013-10-03(四),12,15,21,26,32,33,07
2013-10-01(二),03,12,16,17,18,27,08
2013-09-29(日),04,06,17,21,23,33,07
2013-09-26(四),04,07,11,17,24,33,09
2013-09-24(二),01,06,12,13,22,31,07
2013-09-22(日),01,02,03,06,08,33,13
2013-09-19(四),15,17,18,21,29,32,13
2013-09-17(二),09,23,24,27,29,32,08
2013-09-15(日),16,21,22,28,31,32,05
2013-09-12(四),07,09,11,17,28,31,11
2013-09-10(二),09,11,23,30,31,32,06
2013-09-08(日),01,11,23,27,31,32,09
2013-09-05(四),01,02,04,15,17,28,11
2013-09-03(二),02,04,09,13,18,20,07
2013-09-01(日),02,04,05,06,08,16,03
2013-08-29(四),05,07,09,23,27,32,01
2013-08-27(二),04,08,11,14,16,20,11
2013-08-25(日),05,11,20,21,26,31,03
2013-08-22(四),07,15,18,19,20,26,14
2013-08-20(二),05,14,17,22,23,25,07
2013-08-18(日),01,02,22,28,29,30,15
2013-08-15(四),01,06,15,19,28,29,10
2013-08-13(二),02,04,14,18,20,22,07
2013-08-11(日),01,02,08,26,29,31,14
2013-08-08(四),07,11,15,21,26,31,06
2013-08-06(二),04,14,24,25,28,31,10
2013-08-04(日),02,05,11,23,24,29,08
2013-08-01(四),04,08,12,19,21,25,13
2013-07-30(二),09,15,20,21,22,24,14
2013-07-28(日),02,13,19,23,24,28,05
2013-07-25(四),02,04,11,13,16,26,11
2013-07-23(二),02,08,12,14,16,32,16
2013-07-21(日),05,07,09,11,20,21,03
2013-07-18(四),05,06,12,14,19,23,09
2013-07-16(二),04,13,14,20,22,30,06
2013-07-14(日),01,04,10,13,21,31,13
2013-07-11(四),10,11,12,23,28,32,16
2013-07-09(二),07,13,17,19,22,26,13
2013-07-07(日),03,05,17,18,26,27,15
2013-07-04(四),09,14,23,24,26,29,03
2013-07-02(二),14,23,24,26,29,30,03
2013-06-30(日),04,06,09,25,30,33,14
2013-06-27(四),03,06,08,14,19,32,03
2013-06-25(二),02,09,13,17,20,28,11
2013-06-23(日),02,08,11,14,19,33,09
2013-06-20(四),05,12,21,23,26,28,09
2013-06-18(二),02,03,09,10,28,30,06
2013-06-16(日),07,16,17,18,30,33,06
2013-06-13(四),02,07,13,20,25,27,06
2013-06-11(二),01,04,09,15,22,30,06
2013-06-09(日),01,03,16,17,20,32,07
2013-06-06(四),07,18,19,23,29,30,02
2013-06-04(二),01,09,13,22,25,32,12
2013-06-02(日),10,15,18,20,23,31,12
2013-05-30(四),01,06,07,19,22,27,02
2013-05-28(二),05,06,07,12,13,18,12
2013-05-26(日),05,07,10,13,19,20,15
2013-05-23(四),03,10,18,24,27,29,09
2013-05-21(二),08,11,17,21,23,24,05
2013-05-19(日),13,16,19,23,26,28,05
2013-05-16(四),03,12,25,26,28,29,16
2013-05-14(二),08,18,19,22,27,32,06
2013-05-12(日),03,04,08,14,21,28,14
2013-05-09(四),03,12,13,22,30,33,14
2013-05-07(二),06,07,14,21,22,24,13
2013-05-05(日),08,12,15,19,28,29,02
2013-05-02(四),03,07,13,18,22,25,03
2013-04-30(二),10,13,14,16,21,32,14
2013-04-28(日),10,13,17,28,30,32,04
2013-04-25(四),01,08,11,17,27,30,12
2013-04-23(二),03,16,19,20,24,26,06
2013-04-21(日),06,07,08,14,23,31,12
2013-04-18(四),03,05,11,18,26,28,06
2013-04-16(二),03,06,14,15,17,25,16
2013-04-14(日),01,08,12,13,15,33,03
2013-04-11(四),02,10,12,17,23,24,05
2013-04-09(二),02,04,10,12,17,30,10
2013-04-07(日),01,02,14,15,24,29,06
2013-04-04(四),09,10,12,14,15,19,11
2013-04-02(二),02,15,18,27,28,32,14
2013-03-31(日),04,05,09,27,29,31,13
2013-03-28(四),01,14,15,17,26,30,02
2013-03-26(二),06,15,20,22,26,33,09
2013-03-24(日),05,06,13,17,19,28,01
2013-03-21(四),04,21,25,29,30,33,03
2013-03-19(二),03,13,14,15,21,33,03
2013-03-17(日),07,14,18,25,26,29,06
2013-03-14(四),06,07,10,19,23,29,12
2013-03-12(二),07,08,14,25,26,28,13
2013-03-10(日),01,02,04,12,21,24,12
2013-03-07(四),04,11,14,15,22,31,11
2013-03-05(二),16,17,18,24,25,30,08
2013-03-03(日),04,05,13,23,27,30,09
2013-02-28(四),03,06,15,18,30,32,05
2013-02-26(二),02,04,07,09,15,20,07
2013-02-24(日),01,06,17,19,26,31,11
2013-02-21(四),01,07,08,12,16,21,01
2013-02-19(二),01,02,05,16,20,26,06
2013-02-17(日),02,08,13,28,29,30,05
2013-02-07(四),04,06,12,30,31,32,09
2013-02-05(二),02,05,06,12,14,28,05
2013-02-03(日),05,06,07,11,13,18,15
2013-01-31(四),02,04,05,17,19,20,08
2013-01-29(二),05,06,13,19,22,28,09
2013-01-27(日),06,14,17,22,28,29,02
2013-01-24(四),03,12,17,24,27,29,09
2013-01-22(二),01,09,11,17,32,33,12
2013-01-20(日),01,04,09,13,16,23,02
2013-01-17(四),03,08,17,21,25,32,15
2013-01-15(二),02,09,15,22,26,32,01
2013-01-13(日),09,10,13,17,22,30,13
2013-01-10(四),01,13,14,25,31,32,12
2013-01-08(二),06,10,16,20,27,32,08
2013-01-06(日),22,23,26,27,28,33,09
2013-01-03(四),01,16,18,22,28,30,12
2013-01-01(二),06,08,14,15,24,25,06
